{
  "0": 0.1376953125,
  "1": 0.25390625,
  "2": 0.90625,
  "3": 1.0546875,
  "4": 1.5546875,
  "5": 1.765625,
  "6": 2.171875,
  "7": 2.421875,
  "8": 2.953125,
  "9": 4.21875,
  "10": 4.71875,
  "11": 5.34375,
  "12": 5.96875,
  "13": 7.4375,
  "14": 7.8125,
  "15": 8.9375,
  "16": 11.3125,
  "17": 14.4375,
  "18": 19.125,
  "19": 23.5,
  "20": 26.875,
  "21": 35.75,
  "22": 46.0,
  "23": 55.0,
  "24": 64.5,
  "25": 79.5,
  "26": 89.5,
  "27": 103.5,
  "28": 116.0,
  "29": 126.0,
  "30": 145.0,
  "31": 215.0
}