{
  "0": 0.1328125,
  "1": 0.3359375,
  "2": 0.392578125,
  "3": 0.484375,
  "4": 0.5859375,
  "5": 0.63671875,
  "6": 0.6875,
  "7": 0.84375,
  "8": 0.890625,
  "9": 0.9765625,
  "10": 1.0234375,
  "11": 1.1171875,
  "12": 1.296875,
  "13": 1.3515625,
  "14": 1.640625,
  "15": 1.90625,
  "16": 2.03125,
  "17": 2.515625,
  "18": 2.65625,
  "19": 3.296875,
  "20": 3.671875,
  "21": 3.859375,
  "22": 4.09375,
  "23": 4.875,
  "24": 5.28125,
  "25": 5.875,
  "26": 7.03125,
  "27": 9.875
}