{
  "0": 0.107421875,
  "1": 0.32421875,
  "2": 0.36328125,
  "3": 0.4140625,
  "4": 0.470703125,
  "5": 0.5078125,
  "6": 0.546875,
  "7": 0.625,
  "8": 0.6484375,
  "9": 0.9375,
  "10": 1.03125,
  "11": 1.28125,
  "12": 1.6171875,
  "13": 1.8203125,
  "14": 2.515625,
  "15": 3.8125
}