{
  "0": 1.7734375,
  "1": 2.53125,
  "2": 4.15625,
  "3": 6.40625,
  "4": 8.5625,
  "5": 10.1875,
  "6": 11.0625,
  "7": 13.4375,
  "8": 15.8125,
  "9": 17.125,
  "10": 17.875,
  "11": 19.875,
  "12": 21.5,
  "13": 23.375,
  "14": 24.0,
  "15": 24.25,
  "16": 25.25,
  "17": 27.5,
  "18": 29.25,
  "19": 32.5,
  "20": 35.5,
  "21": 39.75,
  "22": 44.5,
  "23": 51.5,
  "24": 58.5,
  "25": 66.0,
  "26": 73.5,
  "27": 77.5,
  "28": 85.5,
  "29": 89.5,
  "30": 103.0,
  "31": 108.0,
  "32": 122.5,
  "33": 145.0,
  "34": 170.0,
  "35": 354.0
}