{
  "0": 0.400390625,
  "1": 0.56640625,
  "2": 2.28125,
  "3": 2.53125,
  "4": 2.625,
  "5": 2.796875,
  "6": 2.765625,
  "7": 2.796875,
  "8": 2.75,
  "9": 3.078125,
  "10": 4.09375,
  "11": 3.953125,
  "12": 4.28125,
  "13": 4.34375,
  "14": 4.5,
  "15": 6.09375,
  "16": 7.09375,
  "17": 8.25,
  "18": 11.375,
  "19": 15.5625,
  "20": 18.25,
  "21": 20.875,
  "22": 26.0,
  "23": 29.25,
  "24": 36.0,
  "25": 41.75,
  "26": 46.25,
  "27": 52.0
}