{
  "0": 0.07958984375,
  "1": 0.4296875,
  "2": 0.453125,
  "3": 0.494140625,
  "4": 0.5390625,
  "5": 0.5625,
  "6": 0.58984375,
  "7": 0.65234375,
  "8": 0.67578125,
  "9": 0.7421875,
  "10": 0.75,
  "11": 0.80078125,
  "12": 0.90625,
  "13": 0.94921875,
  "14": 1.1328125,
  "15": 1.3515625,
  "16": 1.4140625,
  "17": 1.7265625,
  "18": 1.765625,
  "19": 2.15625,
  "20": 2.359375,
  "21": 2.453125,
  "22": 2.609375,
  "23": 3.0625,
  "24": 3.328125,
  "25": 3.578125,
  "26": 4.15625,
  "27": 4.96875
}