{
  "0": 0.8359375,
  "1": 1.3046875,
  "2": 5.46875,
  "3": 5.78125,
  "4": 5.90625,
  "5": 6.1875,
  "6": 6.4375,
  "7": 6.8125,
  "8": 7.21875,
  "9": 8.4375,
  "10": 11.4375,
  "11": 12.4375,
  "12": 13.4375,
  "13": 14.375,
  "14": 15.5,
  "15": 21.25,
  "16": 26.375,
  "17": 32.5,
  "18": 49.25,
  "19": 73.0,
  "20": 89.0,
  "21": 105.0,
  "22": 135.0,
  "23": 151.0,
  "24": 193.0,
  "25": 229.0,
  "26": 262.0,
  "27": 394.0
}