{
  "0": 0.6953125,
  "1": 0.6953125,
  "2": 0.7890625,
  "3": 0.703125,
  "4": 0.7109375,
  "5": 0.7421875,
  "6": 3.984375,
  "7": 4.0,
  "8": 4.0,
  "9": 4.03125,
  "10": 4.0625,
  "11": 4.09375,
  "12": 4.15625,
  "13": 4.125,
  "14": 4.125,
  "15": 4.125,
  "16": 4.15625,
  "17": 4.21875,
  "18": 4.1875,
  "19": 4.21875,
  "20": 4.21875,
  "21": 4.21875,
  "22": 4.21875,
  "23": 4.34375,
  "24": 4.4375,
  "25": 4.5625,
  "26": 4.65625,
  "27": 4.6875,
  "28": 5.03125,
  "29": 5.09375,
  "30": 5.34375,
  "31": 5.375,
  "32": 5.5,
  "33": 6.1875,
  "34": 6.46875,
  "35": 7.90625,
  "36": 9.6875,
  "37": 10.25,
  "38": 10.6875,
  "39": 21.0
}