{
  "0": 0.380859375,
  "1": 0.57421875,
  "2": 0.7890625,
  "3": 1.1953125,
  "4": 1.8984375,
  "5": 2.484375,
  "6": 3.328125,
  "7": 3.65625,
  "8": 3.921875,
  "9": 4.0625,
  "10": 4.25,
  "11": 4.5,
  "12": 5.03125,
  "13": 5.09375,
  "14": 5.3125,
  "15": 5.34375,
  "16": 5.875,
  "17": 6.78125,
  "18": 7.03125,
  "19": 8.125,
  "20": 8.375,
  "21": 8.375,
  "22": 11.125,
  "23": 12.25,
  "24": 15.75,
  "25": 17.0,
  "26": 21.0,
  "27": 23.75,
  "28": 25.875,
  "29": 28.875,
  "30": 41.0,
  "31": 44.5,
  "32": 49.75,
  "33": 57.0,
  "34": 69.0,
  "35": 87.0
}