{
  "0": 3.265625,
  "1": 4.0625,
  "2": 4.84375,
  "3": 6.5,
  "4": 8.8125,
  "5": 11.125,
  "6": 12.875,
  "7": 14.9375,
  "8": 17.25,
  "9": 17.375,
  "10": 17.625,
  "11": 18.5,
  "12": 18.875,
  "13": 19.625,
  "14": 20.0,
  "15": 20.75,
  "16": 21.0,
  "17": 22.75,
  "18": 24.125,
  "19": 27.625,
  "20": 29.5,
  "21": 31.625,
  "22": 35.75,
  "23": 43.75,
  "24": 50.25,
  "25": 56.5,
  "26": 61.75,
  "27": 68.5,
  "28": 77.5,
  "29": 84.5,
  "30": 97.5,
  "31": 107.0,
  "32": 122.0,
  "33": 137.0,
  "34": 167.0,
  "35": 236.0
}